,username,tweet,date,name,creation,followers,following
0,admzawa,"@SherazadeSmh Y a Bcp de folle on le sait tqt pas pas besoin de toutes vous manifester, tu peux retourner à ta dépression pcq ton buzz a duré 20 min, pas de soucis rendors toi",Mon Oct 20 18:50:00 +0000 2025,Adam🇵🇸,Tue May 17 19:16:46 +0000 2022,14,129
1,zipetteenfolie,Le mec qui a inventé la depression viens discuter 3min en dm gros fils de pute va,Mon Oct 20 18:49:21 +0000 2025,3pm.mvt,Tue Jan 01 14:37:58 +0000 2019,284,1053
2,Tej4s27,Post Travis concert depression,Mon Oct 20 18:48:00 +0000 2025,kami,Sat Jan 20 08:02:37 +0000 2024,726,397
3,ssclim77,Ce qu'une dépression peut faire à ta santé aussi wow,Mon Oct 20 18:47:45 +0000 2025,Moh 🇲🇦,Mon Dec 16 10:46:56 +0000 2024,838,458
4,koruxy1,@nominomm si elle était en depression ca explique les truc que fugu a dit quelle voulait ce suicidé  la depression c'est une maladie et le fait que fugu lui parle comme ca ou la calcule pas ca empire ca,Mon Oct 20 18:40:21 +0000 2025,koruxy,Mon Sep 19 06:38:06 +0000 2022,40,146
5,lochen_hsia,"C'est vraiment la galère de vivre sans thyroïde. 
On doit tjs réajuster la prise de médicament mais quand il faut 10 mois d'attente pour avoir un rdv avec un endocrinologue et ben on essaie de faire avec. (Fatigue extrême, dépression, pas de force pour le travail, tjrs froide)",Mon Oct 20 18:38:31 +0000 2025,Sun Wukong,Sun Nov 27 04:11:45 +0000 2022,51,223
6,rdemocrate,"“Dépression” n’est pas un mot pour dire “avoir le cafard”.  Ce n’est pas un manque de volonté. C’est une maladie qui vole le sommeil, le goût, le plaisir.  1 personne sur 5 la vivra.  Avant de juger, comprends. 🌱#SantéMentale #Dépression #Empathie https://t.co/Yi3MmecXW1",Mon Oct 20 18:36:42 +0000 2025,Renaud Democrate,Sat Sep 12 08:11:19 +0000 2009,17,153
7,sgrdno,dépression sévère ptn ta la proximité et ça veut implanter un nvx stade ds la campagne nn c grv faudra prendre 2 métro et 4 rer pr s’y rendre allez vs faire voir,Mon Oct 20 18:34:22 +0000 2025,𝘎𝘪𝘰𝘳𝘥𝘢𝘯𝘰,Mon Jun 30 09:52:47 +0000 2025,168,209
8,Triplemoonnstre,@alex_lrdr @andene18 Mdr attend il y a un truc j’ai mal compris je crois 😹 mais tabac alcool dépression ça orientait un peu pso je trouve sah,Mon Oct 20 18:32:24 +0000 2025,Azythromycine 92,Sat Mar 16 18:08:36 +0000 2019,525,799
9,Triplemoonnstre,@alex_lrdr @andene18 Mais depuis quand le lupus ÉRYTHÉMATEUX ça te fait des squames de fdp comme ça le pso + tabac/alcool/dépression cuir chevelu oreille et ils précisent pso du visage genre le pso du visage c’est littéralement diag diff de seborrheique pcq ça touche l’oreille,Mon Oct 20 18:28:12 +0000 2025,Azythromycine 92,Sat Mar 16 18:08:36 +0000 2019,525,799
10,trueparabellum,"quand ta vécu dans un des pires environnement pendant toute ta vie que t’es passer par des phases de dépression et partis en hôpital psychiatrique du à tout ce que tu vivais, je ne peux que lui souhaiter de se rétablir pleinement, Allah y chafih",Mon Oct 20 18:27:06 +0000 2025,ٍ,Sun Oct 12 16:29:09 +0000 2025,6,5
11,Vertigo361,@FerrariF1FRA @Charles_Leclerc Le seul rayon de soleil dans une saison en perpétuelle dépression... https://t.co/TL96leSnWF,Mon Oct 20 18:24:13 +0000 2025,ᴠᴇʀᴛɪɢᴏ,Sun Sep 13 11:43:49 +0000 2009,62,573
12,intcompo,@RobertBaincthun @Generations7080 Tu sais la dépression n'est pas une fatalité.,Mon Oct 20 18:22:15 +0000 2025,F.X,Sat Aug 25 08:17:38 +0000 2018,43,31
13,Alekk31_,Ça s’appelle la dépression 👍🏻,Mon Oct 20 18:20:16 +0000 2025,🇫🇷 Alek 🇵🇱,Wed May 15 08:51:39 +0000 2024,151,728
14,tearsofmilfs,40 personnes pr choisir une chanson et une affiche ia imo mm avec des maternelles on boucle ça en une aprem à peineeee💀 arrêtez de faire genre c le projet du siècle  jpp y’en a vous avez trop de temps à perdre tkt gaga elle va pas tomber en dépression sans ça,Mon Oct 20 18:19:02 +0000 2025,𓆩♥︎𓆪,Mon Jun 01 00:06:58 +0000 2015,3406,1213
15,so_di04,Je viens de comprendre qu’en 2021 j’ai vécu une terrible dépression mais j’etais trop jeune pour comprendre wow sans Dieu je suis quoi finalement ? Même quand ça ne va pas parler à Dieu il va vous sauver mes stars 💕💕💕💕💕,Mon Oct 20 18:16:47 +0000 2025,S💋,Thu Jul 18 21:07:21 +0000 2024,267,235
16,MrSeiNoel,Suspect joue tellement son va tout si avec ça il dépasse pas Himra pour être top 3 il va faire une dépression hein,Mon Oct 20 18:16:15 +0000 2025,CULTURE,Fri Jun 01 11:18:57 +0000 2012,2263,2277
17,mouiengros,"@Birdeyeyes J’expliquerai bien ça à mon père qui en est mort mais devines quoi ? Ni lui ni son père n’ont jamais jugé personne parce qu’ils se lavaient pas par dépression 
Arrêtez d’être agressif et de vous cacher derrière de fausses bonnes intentions, vous êtes juste apathiques et inhumains",Mon Oct 20 18:15:58 +0000 2025,lélé ✿ ✿ ✿,Sun May 31 22:30:51 +0000 2020,64,99
18,newtitofn,@ayasagiri_ @cotobot1 @iam_dvd Merci merci cependant je ne te demande pas en retour car vu la gueule du personnage on sait déjà que tu es très probablement une trans lesbienne qui est en dépression déscolarisé et/ou en phobie scolaire qui va voir une psy car elle veut se suicider (point commun avec helydia),Mon Oct 20 18:14:57 +0000 2025,titofn,Tue Aug 23 14:16:46 +0000 2022,1,24
19,DucNord43930,@Monstrecrypto @MessiahYaniss16 Tout ça pour finir avec 7 chats et une dépression,Mon Oct 20 18:14:25 +0000 2025,Duc du Nord,Sat Oct 28 23:37:34 +0000 2023,17,93
20,berkoukes_miw,"Y’a un gars qui criait à ses shab ""je pleure pas pour un chat"" par fierté je pense, dsl mais si je perds le mien je fini en dépression à chialer comme un enfant ptdrr",Mon Oct 20 18:08:08 +0000 2025,🇩🇿🇵🇸,Sat Aug 31 07:43:35 +0000 2024,64,66
21,ECCCMeteoON,"🌧️Le dimanche 19 octobre, une dépression a apporté de fortes pluies dans certaines régions du nord-est de l'Ontario et des températures douces dans le sud. De nouveaux records de température maximale quotidienne ont été établis.🌡️

Résumé complet👉https://t.co/nmHOTFLggI

#MétéON https://t.co/uRUV2oXpI0",Mon Oct 20 18:01:42 +0000 2025,ECCC Météo Ontario,Sat Feb 28 00:24:08 +0000 2015,813,40
22,malone52a,@TBT9_W9 Au moins il fait rire en France l autre tapette inutile nous met en depression,Mon Oct 20 18:00:59 +0000 2025,Danielle,Tue Nov 17 18:19:18 +0000 2015,623,1375
23,la_lmizz,"subhanAllah je vois ça comme une bénédiction l'épreuve reportée, j'étais en dépression,  je commençais à m'imaginer  méd G à limoges à cause de l'hémato😭 depuis que le doyen a annoncé l'annulation je fais que rigoler ptdrr",Mon Oct 20 17:59:01 +0000 2025,lmi🐝,Thu Aug 26 12:03:03 +0000 2021,152,332
24,Procrasthater,@BenderGlazer Depression park,Mon Oct 20 17:58:04 +0000 2025,Ugh,Tue Dec 14 03:42:03 +0000 2021,69,380
25,RudyMeteo,"🌀 L’onde tropicale dans l’est de la mer des Caraïbes s’organise. Une dépression ou tempête tropicale pourrait se former d’ici 1 à 2 jours (70% à 48h / 90% à 7j).
⚠️ Haïti, RD, Jamaïque, Cuba : risque de pluies intenses et inondations fin de semaine. https://t.co/xwIad8UnqU",Mon Oct 20 17:56:00 +0000 2025,Rudy Mr Meteo,Tue Apr 09 14:34:46 +0000 2013,6320,887
26,_s1lenn,"@s0um_bd @dearShenhe @Ruvinikk @hommesimple94 Oui donc c’est déprime et dépression, toi tu as dis « tomber en dépression et être dépressif »",Mon Oct 20 17:52:11 +0000 2025,!,Mon Dec 04 11:15:27 +0000 2023,12,73
27,Mouniejtm,@SeksekBLZC C’est sensé être un symptôme de détresse psychologique ( type dépression ) mais bon certains n’y connaissent pas grand chose 🤷‍♂️,Mon Oct 20 17:48:32 +0000 2025,Arcko29,Sun Jan 14 20:39:55 +0000 2024,15,37
28,AstoBenFit,@pasvrmntpierre C'est la grande dépression des plafonds chez les comunistes. Ca sera à 2000 avant d'avoir eu le temps de dire : taxe.,Mon Oct 20 17:48:20 +0000 2025,Motard TTC En Colère 💸,Wed Oct 14 10:11:41 +0000 2020,173,55
29,SaadMed96020198,@vista_213 Je fais une dépression,Mon Oct 20 17:47:54 +0000 2025,Saad Med,Thu May 02 19:09:10 +0000 2019,1504,935
30,Babarlebarbare4,La dépression me fatigue et le fait d'être fatigué me déprime. https://t.co/GO0xaeBZ2M,Mon Oct 20 17:47:37 +0000 2025,Babar le barbare.,Sat Apr 01 11:21:52 +0000 2023,1606,314
31,Yentter,"@ZalgoK @franceinfo Non t'es seul parce que t'es paranoïaque gars. Sors un peu de chez toi va parler a des gens ou a un.e psy, t'es juste en dépression.",Mon Oct 20 17:41:42 +0000 2025,Tweeclard,Thu May 28 08:34:54 +0000 2009,105,737
32,PPH1899,@sftz_ En dépression frère jss IDS ( interdit de snap ),Mon Oct 20 17:38:14 +0000 2025,𝓟𝓮𝓻𝓢𝓲𝓮𝓶𝓹𝓻𝓮 🇫🇮💙🤍,Wed Oct 28 12:43:58 +0000 2015,106,155
33,imn922z,Jsui tellement en dépression ma mère me manque tellement vivement qu’elle rentre,Mon Oct 20 17:36:54 +0000 2025,IB ♛,Sat Sep 17 18:32:34 +0000 2022,592,96
34,cevapx,La dépression c vrmt un truc de gwer,Mon Oct 20 17:36:50 +0000 2025,maf,Wed Feb 21 07:27:19 +0000 2024,29,14
35,mugiwachat,"@zeppelistars Ça ma beaucoup aidé quand j’étais en dépression perso, j’y croyais pas du tout, j’ai fondu en larmes comme une merde je pouvais pas arrêter j’avais une lampe chaude sur le ventre en plus ect",Mon Oct 20 17:36:26 +0000 2025,coco 🇵🇸,Sat Apr 01 09:59:16 +0000 2017,1117,658
36,linealtransfer,"vous avez vu comme on vole haut ? il fait des blagues sur mon cancer et ma dépression, sa maman peut être fière de lui 🥰 https://t.co/WBoDkeAZhy",Mon Oct 20 17:32:53 +0000 2025,Addy,Mon Jan 20 11:05:54 +0000 2025,92,246
37,Yarasu__,@leoreogaga @Julessbulle Je suis en dépression aussi alors https://t.co/25yx1OkDkw,Mon Oct 20 17:22:11 +0000 2025,Sithis,Sat Dec 24 23:58:56 +0000 2022,21,134
38,xKreusnik,@IIvagabond @noobpvpgagaV2 Ouais mais Geto cest l’essence meme de la dépression de anxiété et du malaitre humain. Après ouais il est partie dans l.extreme,Mon Oct 20 17:20:57 +0000 2025,xKreusnik,Tue Feb 28 15:00:44 +0000 2017,521,354
39,raphamulani,Cette université m’a tellement mis en dépression. Je les déteste,Mon Oct 20 17:19:48 +0000 2025,🐢,Sun Sep 13 14:29:08 +0000 2015,180,100
40,LenouduF,"@Baby_Princess_L @kindormad Je pense que si. Vivre aux côtés de gens dépressifs qui expriment en permanence des pensées négatives, se sentir impuissant et inutile, ça peut carrément conduire à la dépression.",Mon Oct 20 17:17:40 +0000 2025,Len' 🇫🇷,Wed Oct 01 22:35:21 +0000 2014,200,570
41,leoreogaga,@Julessbulle vous vous moquez donc ouvertement d’un signe fort de dépression au cas où vous n’auriez pas fait gaffe 💀💀,Mon Oct 20 17:14:05 +0000 2025,I 🤎 PARIS AND BIAGINI,Wed Aug 07 21:23:31 +0000 2024,51,55
42,elia2403,Faut pas prendre l’anxiété et la dépression à la légère,Mon Oct 20 17:14:00 +0000 2025,BIG’S 🩵,Thu May 03 10:30:00 +0000 2018,226,373
43,LastKuruta,Ptdrrr la cote de Fugu a explosé x5 depuis l’affaire vous allez voir dans qlq temps si il fait pas une dépression il sera déjà en couple et y’aura encore + de like sur ses postes,Mon Oct 20 17:13:50 +0000 2025,ᴷᵘʳᵃᵖⁱᵏᵃ,Sat Jan 25 07:58:07 +0000 2014,2111,457
44,Mytruth_Untold,"@ScottyReddy Bien sûr que si qu'il faut être former pour pouvoir aider. Tu n'auras pas forcément les bons mots, les bonnes questions ou silences quand il faut surtout s'il y a une pathologie (ex: dépression). Tu peux être un pansement, mais tu ne seras jamais un vaccin.",Mon Oct 20 17:13:29 +0000 2025,Weneebebe Universe,Tue Jun 02 18:23:48 +0000 2020,47,98
45,amin_7771,@BoKnariye @lnstantFoot Toi tu veux mettre en dépression les rageuses de l est 😂😂😂,Mon Oct 20 17:06:52 +0000 2025,Rocma212,Mon Jun 12 02:10:56 +0000 2023,7,42
46,MubaraqThe,@Pguy112 lol person fit enter depression 😂,Mon Oct 20 17:06:08 +0000 2025,Mubaraq🪔,Sun Oct 18 12:11:11 +0000 2020,263,262
47,bidule_01,@olisab1949115 @NPolony Tous ces gens vont entrer en grave dépression quand Macron ne sera plus au pouvoir. Quelle va être leur vie après ça ?,Mon Oct 20 17:04:31 +0000 2025,BiduleMachinTruc 01 #Laïcité 🇫🇷 🇪🇺 🇺🇦,Fri Mar 02 08:27:04 +0000 2012,1840,3043
48,BolbBilal,"Samuel Paty (p.2), la lacheté des Nations Unies, la dépression en islam https://t.co/WaZUtzmW4u",Mon Oct 20 17:01:28 +0000 2025,Ali Babal,Sat Oct 10 00:30:52 +0000 2020,9680,1166
49,Mamadoo_Niang,@Sir_Amares @soxnajaara_m Bon je remets absolument pas en cause la dépression ça existe et amine qu’Allah nous en épargnes 🙌🏿,Mon Oct 20 16:59:14 +0000 2025,BOUBA,Wed Dec 10 20:31:41 +0000 2014,58,140
50,MaxBedw1,"@NonnyAnimaliste En fait je pense que les personnes apportent différents besoins

Certains peuvent avoir la disponibilité et l’intelligence émotionnelle et être « productif » pour aider les autres dans la dépression

Certains ont juste l’intelligence mais pas la disponibilité et ça va les tirer",Mon Oct 20 16:58:41 +0000 2025,Max,Thu Oct 31 15:55:15 +0000 2013,131,224
51,taphiscOo_,"@Mamadoo_Niang Yeaah je vois.
Y’a toute une histoire de trahison, de calomnies et de divorce derrière.
Le truc du rôle était plus pour expliquer son divorce.
Cependant il n’existe pas de petite ou de grande cause lorsqu’il s’agit de dépression.",Mon Oct 20 16:58:31 +0000 2025,Reddington 🇸🇳⭐️🩺,Tue Jan 28 15:15:22 +0000 2014,1725,1500
52,mae_cta,@ssama_io @NaliBeats C'est un coup à faire une dépression ouais 😂 On est bien dans notre sud,Mon Oct 20 16:55:56 +0000 2025,Sbfv,Sun Jul 30 22:00:31 +0000 2023,124,112
53,Sir_Amares,@Mamadoo_Niang @soxnajaara_m Mdrr ok bro pass une bonne journée et qu’Allah te préserve de la dépression ou de n’importe quel autres problème mental,Mon Oct 20 16:55:54 +0000 2025,tonton Sir 🇸🇳🏳️,Fri Sep 16 12:24:29 +0000 2022,3951,3523
54,OwenFTBE,@akrapolak Ce connard était à 2 doigts de tomber en dépression c'est du jms vu,Mon Oct 20 16:54:16 +0000 2025,Owen,Wed Feb 06 16:50:20 +0000 2019,877,641
55,Dachart_,"@AkokoAmedon Bonjour Wétri, Ton tweet m'a bcp touché. La dépression, c'est un combat, je salue ton courage d'en parler. Ne sois pas seule dans cette phase de ta vie. J'ai eu la chance d'avoir à mes cotés une communauté d'amis, d'artist comme toi bienveillants. De tout cœur avec toi.",Mon Oct 20 16:53:53 +0000 2025,dachar djanta,Wed Aug 24 17:19:38 +0000 2022,8,211
56,van_bergh64444,Ma dépression va arrivé https://t.co/diQqSn0QmD,Mon Oct 20 16:52:00 +0000 2025,monkay.d.math,Fri May 02 07:30:56 +0000 2025,5,35
57,van_bergh64444,@OPspoiler_ Si il/elle fait ça je serai traumatisé et en dépression https://t.co/jjpEYsaQMO,Mon Oct 20 16:51:00 +0000 2025,monkay.d.math,Fri May 02 07:30:56 +0000 2025,5,35
58,belleparfaite,"1- MON BB MA PREF SERVICE 5⭐️💋
2- en vrai cv si tu la prends pour qq stations 
5- pk faire ?!?
7- chaque station rallonge ma dépression 
8- GIRL HELP JETFOUFFE DEDANS je signe mon arrêt de mort à république C UN TRAUMA COLLECTIF
9- pas mal stv arriver en retard",Mon Oct 20 16:49:28 +0000 2025,Victoria,Fri Jul 15 20:05:03 +0000 2022,3091,820
59,aucuneliaison,Je suis en dépression https://t.co/JsUdJumtU1,Mon Oct 20 16:47:09 +0000 2025,Oum’s,Fri Mar 12 21:34:56 +0000 2021,117,21
60,snaketropi,@iris_riris_ @krxvne99 @nahykow les gens se suicident a cause de la depression au cas où jpense que c assez pour résumer,Mon Oct 20 16:46:40 +0000 2025,Lysandre 🎐,Mon Mar 17 19:30:16 +0000 2025,98,133
61,greg_bert01,"@GJauseau Pourquoi la dépression passe plus au sud ?
Tempête ?",Mon Oct 20 16:46:35 +0000 2025,Bertrand Grégory,Tue Apr 26 11:35:24 +0000 2022,17,352
62,moonsspirit_,(Vous avez jms vécu de dépression),Mon Oct 20 16:45:32 +0000 2025,✩₊˚.⋆ 𝖻𝗅𝖺𝖼𝗄 𝗄𝗂𝗍𝗍𝗒 ⋆⁺₊✧,Mon Jun 14 09:43:18 +0000 2021,259,72
63,StaracNews25,@KushyKumari Elle est heureuse quoi normal c'est mieux que de voir des candidats en dépression,Mon Oct 20 16:43:59 +0000 2025,StaracNews25_,Thu Jun 21 18:13:42 +0000 2018,659,2212
64,JAPANESERELICS,quel malédiction d’avoir une famille noire tu leur parle de depression il te conseillent des jus pour prendre des vitamines,Mon Oct 20 16:43:29 +0000 2025,JAPANESE ARTEFACTS,Wed Jul 24 10:53:03 +0000 2024,81,52
65,SanteMentale,France  3 Paris Île-de-France consacre une série de 4 épisodes pour faire découvrir les nouvelles approches de soins en #SanteMentale .https://t.co/wfUvip76y3,Mon Oct 20 16:40:55 +0000 2025,Santé Mentale,Mon Jul 11 10:35:53 +0000 2011,10173,1079
66,aurevoirlenine,quand la dépression ne consiste pas à juste écouter des musiques tristes https://t.co/P2lrQ69uH5,Mon Oct 20 16:38:36 +0000 2025,poissons bizarres,Sun Jul 14 07:41:46 +0000 2024,132,141
67,GJauseau,"Un creusement explosif demande que plusieurs éléments soient réunis en même temps. Tout dépendra du phasage au moment T, un léger décalage entre l’anomalie d’altitude, la dépression de surface ou le jet peut limiter ou, au contraire, renforcer la tempête. 5/5 https://t.co/pZ9Fgai5AU",Mon Oct 20 16:35:49 +0000 2025,Guillaume Jauseau,Tue Feb 16 14:01:11 +0000 2021,9068,147
68,GJauseau,"L’atmosphère étant chaotique, la position exacte de la dépression reste difficile à fixer. Elle diffère selon les modèles et peut encore glisser un peu plus au nord ou au sud. L’intensité du système reste à préciser, et donc le niveau des vents aussi... 4/5 https://t.co/zkcPN6mSDf",Mon Oct 20 16:35:48 +0000 2025,Guillaume Jauseau,Tue Feb 16 14:01:11 +0000 2021,9068,147
69,GJauseau,"Ce qui rend la situation encore plus intéressante ici, c’est le potentiel explosif. Les modèles montrent ici une anomalie froide d’altitude exceptionnelle pour la période, un carburant idéal pour le creusement d'une dépression. 3/5 https://t.co/V5d6dtuTo7",Mon Oct 20 16:35:47 +0000 2025,Guillaume Jauseau,Tue Feb 16 14:01:11 +0000 2021,9068,147
70,GJauseau,"La vaste zone bleue est typique d'une dépression “mère” qui va commencer à se bloquer sur🇬🇧. Sur son flanc sud-ouest, une dépression secondaire va se former puis se décrocher, avant de glisser vers nous sous l’impulsion d’un puissant jet stream. 2/5 https://t.co/WVCjnEdIVe",Mon Oct 20 16:35:46 +0000 2025,Guillaume Jauseau,Tue Feb 16 14:01:11 +0000 2021,9068,147
71,the_juka_,"@SaintsFrance Salut l'équipe ! Je me suis endormi pendant le match,une première. N'est ce pas les premiers signes de la dépression ? Plus sérieusement quel est le plafond de Pete Werner ? Merci pour les barres de rire chaque semaine !",Mon Oct 20 16:33:20 +0000 2025,🇧🇷 Jüka 🐻⚜️,Mon Jul 08 11:47:09 +0000 2019,91,477
72,fra37247,"@Bob_Bourgi Bonjour monsieur je suis en train de regarder H5 Motivation. j'ai visité votre pays en 2008 avec mon fils Adams M'BACKE. 
Vous et moi étions en dépression(sévère pour moi)à la même époque 😅
je vis en Guyane française et je continue à enseigner la danse à 71 ans.",Mon Oct 20 16:31:56 +0000 2025,Francine CASALS,Fri Nov 03 12:40:16 +0000 2023,2,11
73,Ovanmeg20108,@oliviagregoire 🤣🤣🤣 vous feriez quoi sans le RN ? De la dépression 🤣,Mon Oct 20 16:30:37 +0000 2025,master,Wed Jan 29 04:44:16 +0000 2025,26,10
74,iamlxu,vous savez pas c’est quoi une dépression mdr,Mon Oct 20 16:28:02 +0000 2025,gamberge🇵🇸,Sun May 26 15:33:21 +0000 2013,750,528
75,GoldyyR,@Baby_Princess_L @kindormad Des études tendent à montrer que la dépression est contagieuse voir héréditaire. C’est une maladie qu’on ne comprend pas encore pleinement et qui a toujours du mystère pour les psychologues/chiatres,Mon Oct 20 16:23:41 +0000 2025,Goldy ✨,Mon Sep 10 12:06:20 +0000 2012,66,70
76,queens93645,Certains personnes sont en dépression juste parce que snapchat a eu un putain de soucis technique chaque jour de nouvelle connories.,Mon Oct 20 16:22:55 +0000 2025,Dia Baby 🌸,Fri Dec 08 04:05:20 +0000 2023,1556,632
77,Julien_bns,@JSOfficialHater Bientôt la dépression pour toi,Mon Oct 20 16:22:30 +0000 2025,Julien 🫧 ♐︎,Fri Jan 10 21:16:22 +0000 2020,1042,420
78,vanda2412,@joannamoncrieff @betswrites I saw it soon.....insta algo is made to promote dépréssion,Mon Oct 20 16:22:18 +0000 2025,HAK23,Sun Feb 13 12:28:04 +0000 2011,19,88
79,DessinCompagnie,C'est possible de faire une dépression à cause de son c...l ?,Mon Oct 20 16:21:39 +0000 2025,Dessin & Compagnie,Thu Dec 09 14:03:13 +0000 2021,32,35
80,fct_fatima,@_dnss0_ MDRRRRRRRRR EH ON MA DÉCONNECTÉ SANS MON CONSENTEMENT JE SUIS EN DEPRESSION,Mon Oct 20 16:19:06 +0000 2025,Fatii 🤍,Sun Aug 04 17:30:46 +0000 2019,58,55
81,Mestralmia93,"Vous êtes au courant qu’il y a des psychologues et psychiatres musulmans? Si vous avez besoin aller consulter un professionnel de santé, la prière et le coran ne suffisent pas à guérir les maladies mentales, la dépression, la schizophrénie, la bipolarité etc",Mon Oct 20 16:16:51 +0000 2025,PRINCESA,Sun Nov 16 04:51:53 +0000 2014,512,467
82,JxstLaur1,"@kindormad pour eux que pour moi. Aujourd'hui ça va beaucoup mieux, j'apprends à vivre pour moi, je guéris doucement de mes traumatismes. Je ne suis sorti·e de ma dépression infantile depuis plus d'1 an. Je réalise de plus en plus que ces personnes ne souhaitaient pas s'en sortir, que peu",Mon Oct 20 16:15:26 +0000 2025,Laur1 シ,Wed Aug 21 13:55:45 +0000 2019,23,76
83,LazareRed,"@jessimdev Y'a des mecs ils montent des comptes chall comme ils mettent des chaussettes mais j'ai jamais vu un chirurgien neurologue se refaire un rush étude de +15ans. Y'a un monde de difficulté entre les deux, la plupart des étudiants en médecine finissent en depression, bref respecte pls",Mon Oct 20 16:15:04 +0000 2025,"3,141 592 653",Wed Jun 19 23:54:06 +0000 2013,270,523
84,wshkalinta,j’crois que vous savez réellement pas ce que c’est d’être en dépression,Mon Oct 20 16:11:32 +0000 2025,kalinta,Sun Jan 06 16:24:53 +0000 2019,1331,106
85,morrocos93,La dépression post lycée c’est du réel enfaite,Mon Oct 20 16:08:42 +0000 2025,ali_k🇵🇸🇲🇦,Sun Apr 17 12:04:47 +0000 2022,30,52
86,SuperKaka001,@instablog9ja Post partum depression,Mon Oct 20 16:04:34 +0000 2025,Cynthia,Thu Apr 27 12:21:08 +0000 2023,60,415
87,theo68835801,"@Low3nG @Nixamere192573l Et tu bandes sur des personnages d’animé, la dépression au quartier.",Mon Oct 20 16:03:23 +0000 2025,444Theo,Sat Sep 05 16:43:33 +0000 2020,26,30
88,Tainabee,"Je me considère sorti de le depression, et c'est pas les psy qui m'y on aidé,  MAIS au grd jamais une amitié peux te sortir d'une dépression... prendre un chemin peut-être, réalisée certaine choses peut-être, mais en sortir ça demande une introspection et une resilience enorme",Mon Oct 20 16:01:28 +0000 2025,l'amour fait grossir (57k),Mon Oct 12 15:54:06 +0000 2009,327,255
89,JF_Sebastien,"@kindormad La dépression c'est comme un trou noir. Le dépressif et les pers qui l'entourent y sont aspirés au point que ça devient dangereux pour tout le monde. Je ne dis pas qu'il faut laisser tomber les dépressifs, mais la meilleure manière de les aider est de leur conseiller un bon psy.",Mon Oct 20 16:00:18 +0000 2025,JF Sebastien,Tue Jul 07 09:38:17 +0000 2015,452,139
90,FedeDiabete,"#JournéeMondialeDuDiabète
Cette année, la @FedeDiabete met en lumière un enjeu essentiel : la santé mentale.
💬 77 % des personnes diabétiques ont déjà souffert d’anxiété ou de dépression.
📅 Rendez-vous le 13 nov. à 18h30 pour en parler en direct ! 🔗https://t.co/Yg6vVeLj5K https://t.co/NilbtAsLnA",Mon Oct 20 16:00:01 +0000 2025,Fédération Française des Diabétiques,Wed May 23 14:22:54 +0000 2012,5200,1277
91,Wanman_7,"@GLBouchez "" ..Le communautarisme de la gauche à Bruxelles..""
🤦🏼‍♂️🤦🏼‍♂️🤦🏼‍♂️🤦🏼‍♂️

Le mec est convaincu que le communautarisme est un choix.
Comme la pauvreté, la dépression et la maladie.

Il est persuadé que des gens choisissent de vivre en surpopulation, discrimination, chômage, criminalité...",Mon Oct 20 15:59:14 +0000 2025,Wanman7,Wed Feb 16 11:26:16 +0000 2022,53,67
92,knightdaddd,"La prière est une obligation religieuse, allah guéri à travers les traitements qui sont la cause pour combattre une maladie, la dépression en est une, tout autant qu'une grippe ou un cancer, y en a qui se suicide malgré la prière car leur dépression est profonde",Mon Oct 20 15:56:18 +0000 2025,👑,Wed May 12 12:55:23 +0000 2021,43,92
93,legacyofkain_,@BIKINIBOTTOM94 D’après lui je suis à ma 67eme dépression respiratoire,Mon Oct 20 15:55:34 +0000 2025,cujo,Tue May 07 09:11:53 +0000 2019,26,39
94,SaadHdl,"À côté de ça, t’as un taux de dépression, tristesse énorme, des attentes sur toi élevées mais pas justifiées. Bref c une période où la plupart des humains se cherchent et apprennent à se construire.",Mon Oct 20 15:51:39 +0000 2025,Huey,Fri Oct 26 21:15:17 +0000 2012,208,190
95,iris_riris_,@krxvne99 @nahykow Et c'est sûrement pas le seul cas où malgres la dépression une douche ça te tue pas,Mon Oct 20 15:49:54 +0000 2025,Raphiki🇲🇦Spam,Wed Dec 11 17:06:57 +0000 2024,42,57
96,iris_riris_,@krxvne99 @nahykow Alors hum oui dcp parce que mm si j'suis en dépression et que c'est épuisant j'suis genre toujours ultra sociable a la limite du maladif parce que moi et sûrement bcp d'autres ont des ptsd qui font que c'est + douloureux d'avoir des mauvais rapport social que de se laver,Mon Oct 20 15:49:31 +0000 2025,Raphiki🇲🇦Spam,Wed Dec 11 17:06:57 +0000 2024,42,57
97,MatinoLeMeteo,"Une zone d’averses et d’orages liée à la 34e onde tropicale de la saison progresse dans la mer des Caraïbes. Indépendamment de son évolution en dépression/tempête, elle pourrait impacter le temps en Haïti vers le milieu/fin de cette semaine, avec des pluies &amp; vents en rafale. MT https://t.co/mjxjPOPBig",Mon Oct 20 15:49:09 +0000 2025,Matino Le Météo(Météorologue OFNAC),Wed May 15 13:47:50 +0000 2024,42,63
98,yonatsunoo,@bojackfeminin jv embrace la novembre dépression en l’honneur de tous ces cadeaux au nom https://t.co/Dcjl0GFS0F,Mon Oct 20 15:44:29 +0000 2025,Jiang,Sat Oct 17 16:50:33 +0000 2020,2780,680
99,marshazak5,La depression… quoi de plus naturel pour un ashkénaze en fin de compte ? https://t.co/3Dq1EFB6iE,Mon Oct 20 15:42:40 +0000 2025,☭ יעקב,Mon Apr 15 06:44:25 +0000 2024,156,155
100,noughe911,"J’ai supprimé mon post sur la dépression parce que y’a toutes les umm et les bint 
Qui ont voulu attraper mon col 
SANS OUBLIER LES ABU alors eux mdr",Mon Oct 20 15:39:56 +0000 2025,✨,Mon Oct 26 17:23:39 +0000 2020,641,750
101,akhyovs,"L’exception ne fait pas la règle.

Ce n’est pas parce qu’une personne réussit à s’en sortir malgré les épreuves que cela signifie que tout le monde peut en faire de même. Vous ne vous rendez même pas compte de vos propos.

Il y a des personnes qui tombent en dépression parce qu’Allah leur a donné une épreuve.

D’autres sombrent parce qu’ils ont commis des péchés et qu’Allah les a punis. En parallèle l'épreuve leur permettra de se rapprocher d'Allah et d'arrêter le péché en question.

D’autres encore parce qu’ils ont perdu des proches.

D’autres sombrent dans la dépression parce qu’ils n’ont pas obtenu ce qu’ils voulaient ou parce qu’ils se sont rendu compte que telle chose n’était pas fait pour eux ou que ce n’était pas la bonne personne. Que ce soit dans leurs études, leur mariage, leur fréquentation, leur commerce ou leur travail.

La liste est longue.

Et l'épreuve est un moyen de se rapprocher d'Allah.

Il y a un grand nombre de personnes en dépression.

Et il ne faut pas fermer les yeux sur le nombre de tentatives de suicide, voire de suicides même parmi les musulmans, alors que le suicide est strictement interdit en Islam.

« Et ne vous tuez pas vous-mêmes. Allah, en vérité, est Miséricordieux envers vous. Et quiconque commet cela, par excès et par iniquité, Nous le jetterons au Feu, voilà qui est facile pour Allah. »

Sourate 4 - Verset 29 - 30

Il y a des personnes qui ne prient plus parce qu’elles n’y arrivent plus. Elles n’ont plus la force de sortir de leur lit, ni même parfois de manger, etc.

Cela peut-être très blessant d’entendre certains parler avec légèreté de la dépression. Ce genre de propos peut heurter des personnes déjà fragiles.

La prière est très importante, oui, mais ce n’est pas la seule chose à faire. Sortir de la dépression, c’est un processus qui demande plusieurs causes :

Se confier à Allah sincèrement dans les moments de faiblesse.

Parler à ses proches, pour ne pas rester isolé.

Consulter un(e) psychologue.

Apprendre sa religion, pour comprendre le sens des épreuves et d'une manière générale la religion.

Multiplier les invocations, car Allah est Celui qui guérit les cœurs.

Chacun a son rythme, chacun a son degré d’acceptation et chacun son propre chemin vers la guérison.",Mon Oct 20 15:31:30 +0000 2025,ي,Mon Feb 19 05:56:25 +0000 2024,294,0
102,Eirn92071,"Je ne suis pas en dépression la famille,  j’aime juste les musiques dépressives",Mon Oct 20 15:30:14 +0000 2025,нино,Tue Sep 09 14:52:15 +0000 2025,71,109
103,Julessbulle,@mouiengros @candieelm spoiler : tu défends ton cas en faisant croire que ta dépression t’empêche de prendre une douche alors que t’es juste une grosse crado,Mon Oct 20 15:29:26 +0000 2025,auuskzi,Thu Oct 29 13:39:29 +0000 2020,275,749
104,lamarsweb,"🎙️Le pédopsychiatre Marcel Rufo s’inquiète de l’augmentation de l’anxiété et de la dépression chez les #jeunes.

#SanteMentale 
https://t.co/hJ0WYAq6D4",Mon Oct 20 15:27:00 +0000 2025,La Marseillaise,Tue Sep 21 10:12:22 +0000 2010,50610,475
105,U2Londre,@Minskow_ @Ariel1X229 @Mr_Flinde Réfléchis c’est à cause du monde que cela c’est reproduire dehors surtout que c’était 3 fois plus grand que l’intérieur mais votre dépression vous empêche de réfléchir 🤣🤣🤣 c pas la peine inh,Mon Oct 20 15:24:39 +0000 2025,ange gardien,Mon May 11 13:35:00 +0000 2015,78,502
106,zxdvne,Dépression à vie,Mon Oct 20 15:24:36 +0000 2025,©️La Paix,Tue Aug 07 16:24:02 +0000 2018,4350,174
107,nggannou,"@GueshCtrl Elle est en dépression parce que des gens ne clic pas sur son live et ne lui envoie pas d'argent , pendant qu a 5h des daron sont à la gare pour aller taffer et gange moins de 1600 euro par mois",Mon Oct 20 15:22:00 +0000 2025,M8 Tankï,Tue Dec 28 17:50:04 +0000 2021,24,347
108,Imperator75252,"@lesingedarwin Excellent travail mon Snoopy, vas suivre l'échange de renseignements entre Revenu Québec et Canada avec un autre relevé de cotisations et la fermeture de Radio Québec. Prochaine étape, K7 en dépression avec accentuation de son délire psychotique, camisole de force et internement!",Mon Oct 20 15:21:35 +0000 2025,Marcus Imperator ✝️⚜️,Sat Dec 23 23:21:02 +0000 2023,189,348
109,NCollerais,@aallicheoff Oui les modèles voient de plus en plus cette dépression secondaire exploser et ce creuser sur nous.,Mon Oct 20 15:17:47 +0000 2025,Noel Collerais,Mon Sep 06 20:28:11 +0000 2021,31,123
110,__Sebe__,"@Zemicmic @444slash_lol @dealerdeNFT @Tybzerr @RacloLivreur @Aloonea_ Non, mais il a dit que des propos avaient été vérifiés, ils venaient de quelqu'un réputé pour mentir, ça a briser des vie, incluant un suicide

Sinon t'as aussi le mec de balanceTonPorc, accusé a tort pour ""lancer meToo en France"", renier par sa famille, dépression, seul sa fille",Mon Oct 20 15:15:04 +0000 2025,Sebe,Fri Sep 07 20:35:16 +0000 2012,114,269
111,lafilleseuIe,il l’a pris parce que sur la description c’était écrit pour dépression et insomnie hahahhahahahahha,Mon Oct 20 15:14:08 +0000 2025,"too much rain, still no flowers",Mon May 10 23:02:50 +0000 2021,167,88
112,Captain_Umi,"@harukiisaan @flexonthefluxxx Spécifiquement dans le cas de KnB pour moi c'est juste que les thèmes que le manga aborde (le génie, la dépression, la pression sociale, la rivalité) m'ont permis de mieux comprendre mon environnement et d'accepter des facettes de ma personnalité un peu délaissées",Mon Oct 20 15:10:48 +0000 2025,Captain Umi 🇨🇵 | FAN N°1 DE NIKOLA TESLA,Sun Sep 04 19:17:00 +0000 2022,1051,619
113,ilsappelnoupi,C’est quand tu sors de ta dépression que tu capte que tétais en dépression mdrrr c’est vraiment une folie ce truc,Mon Oct 20 15:10:40 +0000 2025,OCB ⵣ,Wed Jan 05 12:31:32 +0000 2022,1183,728
114,fmmcelsm,estce que la depression ca tue sans suicide jai vraiment limpression que mon corps va me lacher,Mon Oct 20 15:09:18 +0000 2025,noa!!,Mon Nov 04 15:17:41 +0000 2019,641,296
115,Sacha_sacha87,"@Realuv8 Mes cheveux,ma dépression,mon argent,mon cambriolage
Je quitte ma prison doré pour tout oublié🤭 
Je pense comme toi elle ce justifie car beaucoup on du lui dire paye tes facture et tu verra après ta semaine sur paris
Caliméro Pinocchio ces priorités fuir et ramasser du liquide",Mon Oct 20 15:07:26 +0000 2025,Sacha Garnier,Thu Feb 09 23:32:15 +0000 2023,35,54
116,rizzo922ll,On est épuisé. La salat est une obligation et non un traitement. La dépression est une VÉRITABLE maladie. Certes il ne faut pas abandonner sa prière mais il faut également traiter la maladie avec psy/traitement/aide sociale/etc.,Mon Oct 20 15:07:07 +0000 2025,tieunban🩷,Mon May 25 21:24:09 +0000 2020,424,352
117,CrisisGroup,"🎧 Nouvel épisode de notre podcast Afrique 360°. @RinaldoD1, @Lieslvaudran et la chercheuse Emmanuelle Veuillet discutent des répercussions de la guerre au Soudan sur l’économie du Soudan du Sud, en particulier sur ses revenus pétroliers.

https://t.co/Qs4CoBp2C3",Mon Oct 20 15:05:12 +0000 2025,Crisis Group,Mon Dec 08 16:16:00 +0000 2008,233250,2667
118,spicy4riez,@NRJhitmusiconly pitié invitez moi le 31 c’est pour soigner ma dépression 😔,Mon Oct 20 15:03:30 +0000 2025,teerak,Mon Aug 18 14:17:52 +0000 2014,389,246
119,Mamadoo_Niang,@soxnajaara_m Ah vraiment c’est léger comme source de dépression…surtout pour un africain avec tout ce qui se passe dans notre environnement,Mon Oct 20 15:02:30 +0000 2025,BOUBA,Wed Dec 10 20:31:41 +0000 2014,58,140
120,nikitasubutex,"@Rico_the_Coco moi cetait surtout la folie des statistiques qui à l'air de s'emparer de tout influenceurs qui buzz, meme les youtubeurs disent que cest compliqué de pas regarder ses stats tous les jours et de pas etre en depression quand ça baisse psychologiquement cest interessant",Mon Oct 20 14:59:25 +0000 2025,Marat,Sat Nov 21 23:40:57 +0000 2015,120,270
121,AllaguyAndre,"Ce pseudo prix Nobel d'économie a l'air plus fou et psychopathe que Macron le péripatéticien de la haute finance, le mondialo-maoïste, Macron qui a avoué une grave dépression en 2022 mais n'a jamais retrouvé la raison: pas de certificat médical de l'Elysée de fin de dépression",Mon Oct 20 14:57:24 +0000 2025,ANDRE ALLAGUY,Mon May 15 06:11:09 +0000 2023,174,245
122,Realuv8,"Vous voyez comment #poupettekenza se justifie ? Ça veut dire qu’elle reçoit plein de DM de ses poupettes critiquant sa réaction d’enfant pourrie gâtée. D’ailleurs elle a vite retiré les commentaires sous ses story. « Mes cheveux, ma dépression, mes cheveux, ma dépression… »",Mon Oct 20 14:56:47 +0000 2025,Realuv,Tue Jan 31 21:27:37 +0000 2023,215,165
123,72wayda,Mélange de dépression post partum et de phase maniaque à mon humble avis,Mon Oct 20 14:55:28 +0000 2025,Mariah❄️MVP,Mon May 16 09:31:56 +0000 2022,1623,738
124,Burton06Jack,"@GaccioB Y a un p'tit délai administratif entre son cinéma raison de santé/dépression etc et le moment ou il va twerker en place public comme Balkany .

Je dirais 3 semaines.",Mon Oct 20 14:54:28 +0000 2025,JackBurton06,Sun Apr 25 00:07:15 +0000 2021,116,167
125,oussamadetp27,"@Kulturlesite_ Mais c’est quoi cette merde comment cette merde peut être certifiée single de diamant ? C’est impossible parce que dedans il y a que de la merde il y a que de la merde y a que de la merde y’a que de la merde 💩 PNL, c’est que de la merde rempli de dépression",Mon Oct 20 14:54:01 +0000 2025,D’or et de Platine,Tue Jun 13 02:38:07 +0000 2023,859,7501
126,Mocro921,"@hichembkhh le nombre de sportifs en dépression que j’ai connu
que Dieu les facilite c’est vraiment pas facile le retour à la réalité",Mon Oct 20 14:53:34 +0000 2025,Snow ❄️,Mon Jan 04 21:23:47 +0000 2021,82,124
127,Trans2BibLocale,"@antipatriarcame J'ai toujours vécu dans le sud, dès qu'il pleut ma dépression grimpe en flèche 💀",Mon Oct 20 14:53:06 +0000 2025,folie génétique ✌️,Thu Nov 01 15:27:34 +0000 2018,248,176
128,pro_chomeuse,"@YannP42 @sunlikecat @ArnaultRaphael Ben oui la photo est degueulasse ??? T’es a contre jour on dirait les selfi tar 2016 
T’as pas d’emote on dirait que t’es en dépression",Mon Oct 20 14:50:37 +0000 2025,YogourtAuFruit,Sun Jan 19 01:03:31 +0000 2025,671,86
129,Zamzoumaxx,Ce soir c'est soit la fiesta soit la dépression y'a pas d'entre deux #JOBLIFE,Mon Oct 20 14:48:49 +0000 2025,Joblife Zamzoumaxx 🇲🇦🫀,Sat Feb 15 12:25:52 +0000 2020,155,845
130,StephyB39775,@benyoussef1X Tu demandes pardon au nom de qui ?? Le dg de YouTube a deja fait 3 disstrack c’est passé inaperçu. 🤣il est plutôt en depression,Mon Oct 20 14:41:38 +0000 2025,rockstar gang 🚀 (stephybazaroff)🌹,Sat Aug 09 00:11:57 +0000 2025,41,338
131,Huryaa_,@nanahime08 La dépression est une maladie la salât ne suffit pas,Mon Oct 20 14:40:57 +0000 2025,Hatred breeds hatred,Wed Nov 29 23:59:52 +0000 2023,710,778
132,BasilePradier,@CallMeMargin_ @vincentflorin Pour déjà estimer si tu fais une authentique dépression.,Mon Oct 20 14:40:26 +0000 2025,Pradier Basile,Thu Sep 23 11:36:17 +0000 2021,18,345
133,John_English_Of,@ScottyReddy Non. La seule aide qu'un ami pour fournir face a une personne en dépression c'est d'être présent et de l'accompagner en consultation psy. Le reste ne sert a rien.,Mon Oct 20 14:40:10 +0000 2025,John English,Wed Feb 21 10:40:37 +0000 2018,58,585
134,Thomasfinck7,"@Bouchizor @RacloLivreur @Aloonea_ T’es au courant que ça peut aller bcp plus loin que ça mdr ?ce genre de truc peut te briser mentalement, te faire sombrer dans la dépression voir pire, tu peux perdre ton entourage, te faire harceler, mais ta raison il va juste changer de job, c’est fou d’être attardé a ce point",Mon Oct 20 14:39:45 +0000 2025,Thomas finck,Fri Feb 11 17:15:47 +0000 2022,12,61
135,skvuuuuurt,🤣🤣🤣🤣 ya pas sherpa pour te porter hein ptit nullos ( jsuis a 10 défaite de suite la dépression me guette ),Mon Oct 20 14:38:27 +0000 2025,skila,Mon Oct 23 13:20:41 +0000 2023,184,297
136,MeteoPedagogie,"En Amérique du Sud, c'est le printemps, et comme en Amérique du Nord, le réveil des contrastes : des dépressions remontent d'Antarctique et entrent en contact avec l'air chaud présent plus au Nord. Voici une  modélisation de dépression active pour le 27 octobre https://t.co/CC57TvPPWj",Mon Oct 20 14:37:50 +0000 2025,Météo Pédagogie,Sat Jul 21 09:30:11 +0000 2018,5631,142
137,StephyB39775,@suspect_95 Tu souffre 😭🤣🤣tu frises la dépression,Mon Oct 20 14:36:58 +0000 2025,rockstar gang 🚀 (stephybazaroff)🌹,Sat Aug 09 00:11:57 +0000 2025,41,338
138,Papyfab,"Faut arrêter de croire que la dépression on s en sort comme ca, c est un monstre qui s installe, te contrôle et t empeche d avancer,  de relever la tête.",Mon Oct 20 14:36:17 +0000 2025,fafou,Fri Feb 26 12:35:30 +0000 2010,293,296
139,sam_45086,@sn_blck23 @suspect_95 Lolllll qu’au dépression il s’était juste retirer il a fait son palais en ce moment les bêtises qu’il faisait prenait au temps ou les Lilo racontaient les conneries sa prenait maintenant on veut qu’il fasse Epuis ça va Pop on va voir tout le monde est dedja maintenant,Mon Oct 20 14:33:54 +0000 2025,Sam🇨🇮🚀🖖🏾,Thu Aug 01 20:51:23 +0000 2024,234,527
140,KcHeartbreak,@ali_herizi @fugu_fps J'allais te dire d'aller consulter mais un cas comme toi foutrait la psychiatre en dépression,Mon Oct 20 14:33:50 +0000 2025,KC HeartBreak - DOFGK 🇨🇵🍉,Thu Apr 15 08:08:23 +0000 2021,22,174
141,sergeghomsi,"@jessicanono1 Dans un tiktok, les dirigeants du parti avaient déclaré  préfèrer coaliser avec le RDPC qu'avec le MRC. 

Je pense aussi qu'ils sont en dépression psychologique, après avoir vu que Tchiroma ait été préféré à Libii, alors qu'ils se voyaient 2e après l'exclusion du MRC.",Mon Oct 20 14:31:43 +0000 2025,Serge Ghomsi 🇨🇲 🇸🇳,Sat Oct 22 08:51:24 +0000 2011,279,1204
142,sn_blck23,@sam_45086 @suspect_95 Mdr le premier à avoir rempli le palais et si c’était pas dépression ça aurait été le premier pour le parc,Mon Oct 20 14:30:17 +0000 2025,SN🏴‍☠️⚔️,Wed Sep 11 07:14:29 +0000 2024,107,83
143,unnknownnnbitch,"Y’a des situations dans la vie où le besoin d’aide ou d’attention n’est pas à quémander normalement. 
Ex : avortement, 💜, agression, perte d’emploi, dépression, perte d’un être cher, séparation, accouchement … 
Si ça arrive à qqun de votre entourage soyez là pour cette personne",Mon Oct 20 14:30:12 +0000 2025,🍏Pikachoux🐍,Sun Aug 03 15:09:20 +0000 2014,647,441
144,MeteoPedagogie,"Nous noterons de bonnes rafales de vent proches de cette dépression sur tout le Nord-Ouest #France avec des valeurs autour de 60-70 km/h, mais parfois jusqu'à 80-90 km/h, notamment à La Hague et Ouessant https://t.co/nULBfF9HTv",Mon Oct 20 14:24:07 +0000 2025,Météo Pédagogie,Sat Jul 21 09:30:11 +0000 2018,5631,142
145,jhn7893,Snap bug depuis ce matin c’est la dépression,Mon Oct 20 14:19:01 +0000 2025,Jihene,Mon Oct 21 22:44:19 +0000 2019,61,56
146,je_men_fou225,@BESTPUNCHLINE_ Rappeur viande de brousse 😂😂 Drisstrack psychologique si ça sors Didi sera en dépression,Mon Oct 20 14:18:51 +0000 2025,je.men.fou225.officiel,Fri May 17 11:39:37 +0000 2019,139,196
147,syxxsam,"Ce que je viens de vivre devant cette œuvre WOW.

Comme je l’ai dit sur Letterboxd (lien dans la bio), je crois que c’est un remède contre la dépression et ça fait sens quand on connaît la vie de Akira Kurosawa avant sa mort. https://t.co/aY4xY1bfXi",Mon Oct 20 14:18:45 +0000 2025,プロレスラバー sam,Wed Jul 03 00:32:34 +0000 2019,475,280
148,goatesque,"T'es pas tombée en dépression à cause d'elle, t'était déjà fragile 

Et ya que avec la dépression que les gens ont cette réflexion 

Étrangement, personne ne devient schizophrène en traînant avec un schizophrène",Mon Oct 20 14:18:25 +0000 2025,G 🦁,Thu Oct 26 18:14:35 +0000 2023,354,614
149,krxvne99,Quand vs allez découvrir ce que c’est vrm la dépression vs allez baver,Mon Oct 20 14:18:18 +0000 2025,SEXY TURBO SPEED 🕸️🏴,Wed Oct 18 17:52:55 +0000 2023,67,243
150,berskin_,"@Depression_mal Merci, j’y penserai 🌸",Mon Oct 20 14:17:01 +0000 2025,Bérénice,Thu Dec 23 21:02:31 +0000 2021,541,51
151,Sosow78a,@hawn_iee Comment tu peux etre en depression alors que @RebeuDeter a fait pire,Mon Oct 20 14:16:06 +0000 2025,Sosow🇵🇸,Thu Dec 03 10:58:06 +0000 2020,21,31
152,berskin_,@Depression_mal Merci ❤️‍🩹juste besoin d’avoir davantage de réponses,Mon Oct 20 14:15:37 +0000 2025,Bérénice,Thu Dec 23 21:02:31 +0000 2021,541,51
153,KARATE_CHIN2IS,"@M4nuIeBlanc0 Tu m'étonnes on a tous les fils de pute fan de pokemon et qui font pas d'enfants à 35 ans, on a un adulescent en dépression et quête identitaire à la tête du pays",Mon Oct 20 14:15:36 +0000 2025,"Tom Matthews, Garçon Joueur",Sat Jul 09 18:15:59 +0000 2022,655,684
154,Keireifu,@GueshCtrl @karfiri Bande de fdp à utiliser des mots dont vous connaissez pas la définition en plus de parler de depression alors qu’elle a aucun diagnostic mdrr va te faire bz,Mon Oct 20 14:13:01 +0000 2025,Country Cluhhh 🎧,Sun Apr 03 12:23:49 +0000 2022,13,48
155,crxbtc,"@Jibril5554461 @LovelyLilTyrant @TowaYowaIowa moi je pense que le plus gros impact dans sa dépression c'est l'immigration incontrôlée qui a induit le meurtre de sa fille , la cause des symptômes , les médias sont juste la pour faire leur sale boulot , autant rien leur donner a manger, mais le mal est fait",Mon Oct 20 14:11:41 +0000 2025,Cosmo🇫🇷,Tue Jun 11 14:12:37 +0000 2024,734,680
156,meteofrance,"🌧️ La #pluie et le vent touchent la France cette première semaine des vacances de la Toussaint. 🎃

⚠️ Prudence jeudi : une dépression pourrait gagner le Nord, avec un risque de pluies soutenues et de vent très fort.

Le point complet 👉 https://t.co/aMBjy9ygvE

📸 Landunvez, 29 https://t.co/rJFbwKJ42t",Mon Oct 20 14:11:25 +0000 2025,Météo-France,Tue Aug 14 08:33:02 +0000 2012,179214,1074
157,alix0205,Plus de 7h sans snap je vais commencer une dépression jai besoin de voir sa loc!!! #snapchat,Mon Oct 20 14:10:47 +0000 2025,Alix,Wed Oct 28 18:52:01 +0000 2020,3,32
158,hakuzuu_,"Je sais qu’être en dépression c’est dur mais vivre avec une personne en dépression c’est vraiment pas facile aussi, ça fait des mois que je suis lessivé mentalement",Mon Oct 20 14:09:00 +0000 2025,madi🧃,Thu Mar 21 21:17:32 +0000 2019,47,148
159,Jibril5554461,@crxbtc @LovelyLilTyrant @TowaYowaIowa Toute la journée à la télé tu voit des gens évoquer le nom de sa filles a des fins politiques. Tu crois que cela n’a pas eu un impact dans sa dépression ?,Mon Oct 20 14:06:46 +0000 2025,عَلِي,Sat Aug 10 21:58:17 +0000 2024,56,131
160,PabloNencini,"« Je ne le trouve pas en dépression, mais plutôt nostalgique » : Emmanuel Macron cherche (encore) sa place - Le Parisien https://t.co/vsL0ufWW3I",Mon Oct 20 14:05:19 +0000 2025,Philippe PROST,Wed May 03 20:30:49 +0000 2023,64,263
161,ClemAbstracted,@FreeYatie quand vous comprendrez que la dépression c’est pas une vanne ptdrrr bref,Mon Oct 20 14:05:15 +0000 2025,clem,Mon May 12 17:22:29 +0000 2025,232,271
162,vidia_violet,"Les gens comme ça je vous souhaite la dépression LA VRAI histoire de vous rendre humble, c’est hyper drainant et complexe",Mon Oct 20 14:02:14 +0000 2025,🩷,Wed May 26 19:58:47 +0000 2021,69,400
163,LSDJ_media,"Souffrir d'une dépression, d'un trouble psychotique, d'une addiction… et être sans emploi, sans vie sociale et même sans maison ? C'est parfois la double peine des personnes qui vivent une maladie mentale. Heureusement, les associations qui favorisent l'insertion existent et font un travail formidable. Ce 10 octobre, journée mondiale de la Santé mentale, est l'occasion de les mettre en lumière.
C'est l'histoire d'un serpent qui se mord la queue. La tête, c'est la maladie mentale, et la queue, la précarité. Ou l'inverse d'ailleurs, peu importe. Dans tous les cas, en se gardant de trop de généralités, on peut dire que les deux sont intimement liés. La maladie mentale peut provoquer la précarité si la personne n'est pas très accompagnée, quand la précarité nourrit la maladie mentale. Les acteurs sur le terrain, que ce soit pour l'engagement social ou la santé, le constatent chaque jour.

Les troubles de santé mentale chez les salariés représentent la première cause des arrêts de travail longue durée (selon le Baromètre Teale de la santé mentale des salariés, 2023) et le phénomène progresse chaque année. Dans un rapport de la HAS (Haute Autorité de Santé) daté de septembre 2021, on peut lire : « les troubles psychiques, et en particulier les troubles sévères tels que les psychoses, tendent à précariser les personnes en altérant leurs capacités relationnelles et sociales ; la précarité est source de souffrance et de stress et tend à fragiliser les personnes sur le plan psychique ». Cette constatation du lien entre santé mentale et précarité est corroborée par une étude souvent citée, l'étude SAMENTA (pour SAnté MENTale et Addictions chez les personnes sans logement personnel d'Île-de-France), menée par le Samu social en 2009. Elle montrait qu'un tiers des personnes vivant dans une précarité extrême souffraient de trouble anxieux sévère et de dépression, et que, dans cette même population, les troubles psychotiques (psychose, schizophrénie, délire psychotique) sont dix fois plus répandus que dans la population globale. Ce constat date de 2009, et les choses ne se sont malheureusement pas arrangées, puisque la précarité augmente en France : de 90 000 personnes sans domicile en 2001, on est passé à 140 000 en 2012, puis à 300 000 en 2020.

Vous avez lu 25 % de l'article.
➡️Retrouvez l'article complet en cliquant sur le lien dans la bio.

Sources : Haute Autorité de Santé, Habitat et Urbanisme, Ministère de la santé

#actu #maladie #mentale #stress #précarité",Mon Oct 20 14:01:22 +0000 2025,La Sélection du Jour (LSDJ),Mon Sep 18 13:59:53 +0000 2017,1579,1596
164,SHINICHI_Lovat,"J’ai beau être un homme, j’ai étais Helydia aussi. 

On m’a pas frappé certes, mais j’ai étais en couple avec un pervers narcissique, qui as détruit ma confiance en moi et m’a créer une magnifique 🌈 dépression 🌈

On te soutiens ma belle 🙏🏼",Mon Oct 20 13:55:37 +0000 2025,SHINICHI ⭐,Sat Nov 19 01:07:14 +0000 2022,398,772
165,imn922z,Chaque fois que je suis en dépression Jv marcher sur les champs comme une folle prendre l’air,Mon Oct 20 13:49:41 +0000 2025,IB ♛,Sat Sep 17 18:32:34 +0000 2022,594,97
166,Mesinrag,"dysphorie, anxiété sociale et timidité. la Triforce de ma dépression",Mon Oct 20 13:49:23 +0000 2025,Esin rag 👒🏴‍☠️☭,Sat Mar 30 22:24:09 +0000 2019,459,406
167,kindormad,@anazbay_bird C’est ça. J’ai voulu être là sans me rendre compte que j’étais pas stable mentalement déjà donc bah je vivais dans la peur constante qu’elle se foute en l’air et moi j’allais de moins en moins bien. Même si je le répète que ce n’est pas elle qui m’a mis en dépression hein,Mon Oct 20 13:47:15 +0000 2025,Abe 🍉,Thu May 08 20:41:43 +0000 2014,671,560
168,FoxxIsBack,@RedLysIs @Light_gcbv @ZibraxPV @natsu_bzh L'amitié c'est pas la tendresse imo sinon je serais ami avec n'importe quel random en dépression,Mon Oct 20 13:43:32 +0000 2025,Sweetie Foxx,Tue Oct 08 07:48:47 +0000 2024,527,200
169,hustlenothard,Average daronne maghrebine kan son enfant est en dépression,Mon Oct 20 13:43:31 +0000 2025,tt est noir iz ont voulu mtirer dans lfoond,Sat May 18 23:21:02 +0000 2024,57,64
170,hokagexdx,@timbdt02 @ZbnzOL Je vécu la meme situation avec mon ex elle m'as mis une claque pour me réveiller qd j'étais en voiture et qu'on m'as appris que ma mère étais a l'hôpital j'étais tellement en larmes et en dépression que je regardais meme pas la route puis si elle m'avait pas mis une claque,Mon Oct 20 13:43:14 +0000 2025,shisui xxdx,Mon Apr 26 18:45:32 +0000 2021,13,318
171,weirdbloom111,"@knightfae_ trouble du language, c’est le premier signe d’une dépression ou d’isolement généralement, mais ça doit avoir d’autres causes possible iguess prend soin de toi en tout cas 😗",Mon Oct 20 13:43:03 +0000 2025,bloomy ᯓᡣ𐭩,Wed Jan 29 23:08:27 +0000 2025,323,169
172,lagneauleloup,"@Pascal_Laurent_ J’ai une copine qui était magnifique,juste androgyne,avec un charme et succès fou avec les femmes.
Après cette opération effectuée,au prix de souffrances, les femmes qu’elle approchaient étaient déçues de promesses de découvrir un vrai mec…après dépression,elle s’est suicidée😢",Mon Oct 20 13:41:49 +0000 2025,lageauleloup,Sat Apr 26 08:42:23 +0000 2025,115,353
173,hokagexdx,@livgnz @miacallenreese Je vécu la meme situation avec mon ex elle m'as mis une claque pour me réveiller qd j'étais en voiture et qu'on m'as appris que ma mère étais a l'hôpital j'étais tellement en larmes et en dépression que je regardais meme pas la route puis si elle m'avait pas mis une claque,Mon Oct 20 13:41:29 +0000 2025,shisui xxdx,Mon Apr 26 18:45:32 +0000 2021,13,318
174,kindormad,@Baby_Princess_L On se rend pas compte de la charge mentale qu’on donne aux gens de notre entourage et le fait que OUI ça peut les faire basculer en dépression s’ils ne sont pas réellement stable psychologiquement.,Mon Oct 20 13:35:28 +0000 2025,Abe 🍉,Thu May 08 20:41:43 +0000 2014,671,560
175,Peguy_Certifie,"@ActuFoot_ 😂😂😂😂😂😂😂😂😂😂😂😂😂

LA DEPRESSION VA TUER CE GOSSE",Mon Oct 20 13:34:51 +0000 2025,💀 𝐌𝐑. 𝐓 𝐎 𝐍 𝐓 𝐈 𝐍 𝐄 🩸,Fri Oct 20 19:07:56 +0000 2017,42717,470
176,iwisxh,"Vous voyez ça ? Ça m’écœure. Je me bâts depuis des années pour sortir de ma dépression, j’ai pratiquement pas de thune. Tu me vois ouvrir une cagnotte ? Mais merde vous êtes connus, débrouillez vous.",Mon Oct 20 13:34:48 +0000 2025,❯❯❯❯,Wed Aug 28 11:40:51 +0000 2019,158,175
177,MonaRodriguezzz,Post vacation depression,Mon Oct 20 13:34:47 +0000 2025,Ms Rodriguez,Sat Aug 24 23:25:43 +0000 2019,367,305
178,kindormad,@Baby_Princess_L Est ce que j’ai dit ça même? J’étais certainement pré disposé génétiquement + des problèmes aussi dans ma vie qui ont fait que je suis tombé en dépression. J’ai dit que le fait qu’elle m’ait tiré vers la bas avait juste fait qu’accélérer la venue de cette depression,Mon Oct 20 13:34:33 +0000 2025,Abe 🍉,Thu May 08 20:41:43 +0000 2014,671,560
179,laTrompette_fr,"Donner des médicaments aux personnes souffrant de dépression ne résout pas leurs problèmes.

https://t.co/kI71tWpJHt",Mon Oct 20 13:34:24 +0000 2025,laTrompette.fr,Mon Aug 15 08:31:08 +0000 2016,492,162
